Gene,Paralog,FC2,padj,ENSG_targ,ENSG_para,cor_spearman
RhoC,RHOB,0.308574804485301,0.752119852647367,ENSG00000155366,ENSG00000143878,0.635296359824662
RhoC,RHOG,-0.173206518709559,0.761053624992186,ENSG00000155366,ENSG00000177105,0.671659996188298
RhoC,RHOBTB2,-0.392382709582007,0.652188090960326,ENSG00000155366,ENSG00000008853,0.174842767295597
RhoC,RHOT2,0.453733518891412,0.58081331417392,ENSG00000155366,ENSG00000140983,0.544654088050314
RhoC,RND2,0.331128894234168,0.692220739263074,ENSG00000155366,ENSG00000108830,-0.20335429769392
RhoC,RHOBTB3,-0.769163936373734,0.0413745108796168,ENSG00000155366,ENSG00000164292,0.251534210024776
RhoC,RAC3,-0.682316149004615,0.240026251757227,ENSG00000155366,ENSG00000169750,-0.300095292548123
RhoC,RAC1,-0.0934184132353191,0.95432434025669,ENSG00000155366,ENSG00000129538,0.420773775490757
RhoC,RHOF,-1.42695187456718,0.0016737152126847,ENSG00000155366,ENSG00000139725,0.311377930245855
RhoC,RHOU,-0.455328827218996,0.844582426064305,ENSG00000155366,ENSG00000116574,0.431522774919001
RhoC,RND1,-0.526235210314136,0.789226111226919,ENSG00000155366,ENSG00000172602,-0.343243758338098
RhoC,RHOH,0.426736247837671,0.902886121984855,ENSG00000155366,ENSG00000168421,0.551667619592148
RhoC,RHOBTB1,0.545415338217166,0.716577087790618,ENSG00000155366,ENSG00000072422,0.661749571183533
RhoC,RHOT1,-0.0062250426000345,0.996466658766149,ENSG00000155366,ENSG00000126858,0.454164284352964
RhoC,RND3,-0.786047726494977,0.860414682503541,ENSG00000155366,ENSG00000115963,0.691862016390318
RhoC,RHOQ,0.255193766390809,0.513157146870996,ENSG00000155366,ENSG00000119729,0.768477225080999
RhoC,RHOJ,0.550427158063797,0.922862553982006,ENSG00000155366,ENSG00000126785,0.703830760434534
RhoC,CDC42,0.0415924048940363,0.971947366477097,ENSG00000155366,ENSG00000070831,0.61349342481418
RhoC,RHOD,0.364164379621282,0.676831029589825,ENSG00000155366,ENSG00000173156,0.456984943777397
RhoC,RHOA,0.112044939366438,0.883712364076466,ENSG00000155366,ENSG00000067560,0.809567371831523
RhoC,RAC2,0.13525214031722,0.979032351386915,ENSG00000155366,ENSG00000128340,0.644978082713932
RhoC,RHOV,0.0524857140107177,NA,ENSG00000155366,ENSG00000104140,-0.182694873260911
SMARCA4,CHD7,-0.71311447074728,2.76938907487367e-06,ENSG00000127616,ENSG00000171316,0.429693157995045
SMARCA4,ZRANB3,-0.149510884674456,0.62856777294862,ENSG00000127616,ENSG00000121988,0.618906041547551
SMARCA4,SMARCAL1,0.113227820984442,0.687699680920538,ENSG00000127616,ENSG00000138375,0.65176291214027
SMARCA4,SHPRH,0.0063489538241018,0.990669704634014,ENSG00000127616,ENSG00000146414,0.676767676767677
SMARCA4,CHD2,0.0078009221232666,0.985492037087897,ENSG00000127616,ENSG00000173575,0.777549075662283
SMARCA4,CHD5,1.54775814786233,0.0227726669967905,ENSG00000127616,ENSG00000116254,0.164703640175338
SMARCA4,ATRX,-0.10026510876948,0.72030609240828,ENSG00000127616,ENSG00000085224,0.61471316943015
SMARCA4,CHD1L,-0.057686637863491,0.850024078801201,ENSG00000127616,ENSG00000131778,0.668381932532876
SMARCA4,RAD54B,-0.108404725922935,0.698736104636183,ENSG00000127616,ENSG00000197275,0.806213074137602
SMARCA4,HLTF,0.0180025202789285,0.963660001156933,ENSG00000127616,ENSG00000071794,0.502039260529827
SMARCA4,ERCC6L,-0.0450489020077591,0.904114265780347,ENSG00000127616,ENSG00000186871,0.716256908709739
SMARCA4,BTAF1,0.244546544160725,0.131309155943167,ENSG00000127616,ENSG00000095564,0.600228702115495
SMARCA4,TTF2,0.206793106338012,0.229573401693589,ENSG00000127616,ENSG00000116830,0.564246235944349
SMARCA4,CHD4,-0.410606071259958,1.0473111607415e-06,ENSG00000127616,ENSG00000111642,0.648637316561845
SMARCA4,ERCC6,-0.182632705402943,0.444798223410124,ENSG00000127616,ENSG00000225830,0.753916523727844
SMARCA4,SMARCA2,0.0379742838943074,0.926740865997542,ENSG00000127616,ENSG00000080503,0.756432246998285
SMARCA4,HELLS,-0.546810625819782,2.2721005880984e-05,ENSG00000127616,ENSG00000119969,0.817854352242156
SMARCA4,CHD1,-0.289075966519181,0.131095806016431,ENSG00000127616,ENSG00000153922,0.6336954450162
SMARCA4,CHD9,-0.0510697068815036,0.875195987740699,ENSG00000127616,ENSG00000177200,0.697198399085191
SMARCA4,RAD54L2,-0.176185505382506,0.381929111348743,ENSG00000127616,ENSG00000164080,0.740499332952163
SMARCA4,SRCAP,-0.217118268680162,0.197971301781227,ENSG00000127616,ENSG00000080603,0.696207356584715
SMARCA4,SMARCAD1,-0.268018297596746,0.0842532188868879,ENSG00000127616,ENSG00000163104,0.823670668953688
SMARCA4,EP400,0.0118589652397616,0.978052477297802,ENSG00000127616,ENSG00000183495,0.796150181055841
SMARCA4,SMARCA5,-0.0653771491040475,0.838927378447878,ENSG00000127616,ENSG00000153147,0.567066895368782
SMARCA4,SMARCA1,0.420467427456106,0.0013232409264818,ENSG00000127616,ENSG00000102038,0.346826758147513
SMARCA4,INO80,0.0315080436184192,0.929597887181505,ENSG00000127616,ENSG00000128908,0.732952163140842
SMARCA4,CHD3,0.0608693093950483,0.824747210233807,ENSG00000127616,ENSG00000170004,0.652525252525252
SMARCA4,CHD8,-0.0266871295863924,0.945473728773835,ENSG00000127616,ENSG00000100888,0.830074328187536
SMARCA4,CHD6,-0.218818139878119,0.317945072512554,ENSG00000127616,ENSG00000124177,0.726548503906994
SMARCA4,RAD54L,-0.316989606780064,0.0565150465328733,ENSG00000127616,ENSG00000085999,0.582999809414904
Furin,TPP2,-0.197807246005602,0.178750612298517,ENSG00000140564,ENSG00000134900,0.433886030112445
Furin,PCSK5,-1.08467686595182,0.0228398563306678,ENSG00000140564,ENSG00000099139,0.423060796645702
Furin,MBTPS1,0.167942831849759,0.327143291463872,ENSG00000140564,ENSG00000140943,0.502420430722317
Furin,PCSK4,0.365114996095939,0.76836726215494,ENSG00000140564,ENSG00000115257,-0.160205831903945
Furin,PCSK9,-2.05149740714579,2.52851478284227e-07,ENSG00000140564,ENSG00000169174,0.381437011625691
Furin,PCSK6,-0.282541092905502,0.281080654583624,ENSG00000140564,ENSG00000140479,-0.228816466552316
Furin,PCSK7,-0.415584029421149,0.0004341532406359,ENSG00000140564,ENSG00000160613,0.490985324947589
RB1,RBL1,2.69201511863999,0.0081194186936599,ENSG00000139687,ENSG00000080839,0.816275967219363
RB1,RBL2,0.0747315826803432,0.975827889658492,ENSG00000139687,ENSG00000103479,0.773966075852868
STAG2,STAG1,0.477482218224785,0.0005004155989546,ENSG00000101972,ENSG00000118007,0.896702877834953
STAG2,STAG3,0.910318161604127,0.0147522144038884,ENSG00000101972,ENSG00000066923,0.374575948160854
SIX6,SIX2,-0.750950991416188,0.293613858987932,ENSG00000184302,ENSG00000170577,0.259849596505493
SIX6,SIX3,0.283163664344384,0.128999462738983,ENSG00000184302,ENSG00000138083,0.263492504709496
SIX6,SIX4,1.11413644661765,1.10626616607564e-10,ENSG00000184302,ENSG00000100625,0.249512343228277
SIX6,SIX1,-0.165032333863351,0.270837559154299,ENSG00000184302,ENSG00000126778,0.381157693646547
SIX6,SIX5,0.437402459157438,0.0003851457760382,ENSG00000184302,ENSG00000177045,-0.0870452639422386
LCK,JAK3,-0.409391591483162,0.771145214432911,ENSG00000182866,ENSG00000105639,0.677530017152659
LCK,MATK,-1.9434991213851e-26,NA,ENSG00000182866,ENSG00000007264,-0.104173813607776
LCK,ITK,0.993144963265128,0.518541809517996,ENSG00000182866,ENSG00000113263,0.895101963026491
LCK,JAK2,1.44305008479918,0.362009503028605,ENSG00000182866,ENSG00000096968,0.539317705355441
LCK,PTK2B,1.77097214610493,0.30517552777505,ENSG00000182866,ENSG00000120899,0.130474556889651
LCK,SYK,1.33082323392613,0.34034298446439,ENSG00000182866,ENSG00000165025,0.840213455307795
LCK,SRMS,-1.9434991213851e-26,NA,ENSG00000182866,ENSG00000125508,0.382656756241662
LCK,BLK,0.192643938159036,0.944455338243793,ENSG00000182866,ENSG00000136573,0.808957499523537
LCK,TNK1,-0.747234282036464,0.73376109234801,ENSG00000182866,ENSG00000174292,0.387993138936535
LCK,CSK,1.81179510662723,0.037895689599688,ENSG00000182866,ENSG00000103653,0.637354678864113
LCK,BTK,-1.9434991213851e-26,NA,ENSG00000182866,ENSG00000010671,0.747817800647989
LCK,ABL2,1.0296242594804,0.330704374220945,ENSG00000182866,ENSG00000143322,0.0880121974461597
LCK,ABL1,1.47412640851222,0.255713928634922,ENSG00000182866,ENSG00000097007,0.426720030493615
LCK,PTK2,2.27710710131292,0.140350566206838,ENSG00000182866,ENSG00000169398,-0.0425767105012388
LCK,FES,-0.640213689914206,0.731539304995518,ENSG00000182866,ENSG00000182511,0.756356012959786
LCK,HCK,-0.906890566138434,0.692451926518068,ENSG00000182866,ENSG00000101336,0.785782351820088
LCK,PTK6,0.999997179377817,0.712717830427439,ENSG00000182866,ENSG00000101213,0.423365732799695
LCK,STYK1,-1.9434991213851e-26,NA,ENSG00000182866,ENSG00000060140,0.194968553459119
LCK,BMX,-1.9434991213851e-26,NA,ENSG00000182866,ENSG00000102010,0.625283500847331
LCK,TXK,1.08746077823216,0.661739499364707,ENSG00000182866,ENSG00000074966,0.85012388031256
LCK,ZAP70,0.229411690958144,0.85513418108834,ENSG00000182866,ENSG00000115085,0.893501048218029
LCK,TYK2,-0.0057154116968651,0.999999819107239,ENSG00000182866,ENSG00000105397,0.626148275204879
LCK,FYN,0.900463685086456,0.334761197614242,ENSG00000182866,ENSG00000010810,-0.121021536115876
LCK,LYN,0.0931089969535348,0.965955022496551,ENSG00000182866,ENSG00000254087,0.74400609872308
LCK,FER,2.18344262624808,0.260955619099601,ENSG00000182866,ENSG00000151422,0.235982466171145
LCK,TEC,-1.9434991213851e-26,NA,ENSG00000182866,ENSG00000135605,0.749647417571946
LCK,SRC,0.699131379930531,0.744855131402734,ENSG00000182866,ENSG00000197122,0.527806365542214
LCK,JAK1,1.93427337958074,0.20353767233128,ENSG00000182866,ENSG00000162434,0.473299028016009
LCK,FRK,2.7104913064138,0.0933036445983753,ENSG00000182866,ENSG00000111816,0.561349342481418
LCK,FGR,-1.64385472269594,0.584767157823823,ENSG00000182866,ENSG00000000938,0.821078711644749
LCK,YES1,-1.58496294134577,0.420896037232859,ENSG00000182866,ENSG00000176105,0.555936725748046
LCK,TNK2,4.76553223323274,3.29191425730944e-06,ENSG00000182866,ENSG00000061938,-0.366266437964551
SMC3,CCDC157,0.510547346341647,0.454542059031977,ENSG00000108055,ENSG00000187860,-0.0272536687631027
SMC3,SMC1B,-2.38531709033692,NA,ENSG00000108055,ENSG00000077935,0.799885648942253
SMC3,SMC4,-0.583043066118807,5.10928796360985e-09,ENSG00000108055,ENSG00000113810,0.743548694492091
SMC3,SMC1A,-0.390036363548692,0.0193720288812353,ENSG00000108055,ENSG00000072501,0.901429388221841
SMC3,CKAP4,-0.606380762258237,4.41974793788602e-09,ENSG00000108055,ENSG00000136026,0.551057747284162
SMC3,SMC2,-0.583909057761549,1.33233158796877e-05,ENSG00000108055,ENSG00000136824,0.892586239756051
SMC3,CCDC122,-0.550673945836768,0.184919230498598,ENSG00000108055,ENSG00000151773,0.675014293882218
MBD2,MBD1,-0.418984203313267,0.0052061771729767,ENSG00000134046,ENSG00000141644,0.731579950447875
MBD2,MBD3,0.160237999747417,0.353346387968899,ENSG00000134046,ENSG00000071655,0.31496093005527
KMT2A,EZH2,-0.0169156840433003,0.848430324165035,ENSG00000118058,ENSG00000106462,0.509357728225653
KMT2A,SUV39H2,-0.0314370796012347,0.700015051509813,ENSG00000118058,ENSG00000152455,0.800724223365733
KMT2A,KMT2C,0.0592204722138486,0.658066019739712,ENSG00000118058,ENSG00000055609,0.899066133028397
KMT2A,NSD2,-0.159100407351586,0.0704556416461626,ENSG00000118058,ENSG00000109685,0.753535353535354
KMT2A,ASH1L,-0.0588605755725884,0.670538395569091,ENSG00000118058,ENSG00000116539,0.943053173241852
KMT2A,EHMT2,-0.152926432579055,0.0188843011029443,ENSG00000118058,ENSG00000204371,0.613112254621689
KMT2A,NSD1,-0.202638034715584,0.0512147486751144,ENSG00000118058,ENSG00000165671,0.870478368591576
KMT2A,EZH1,0.0547132186745241,0.79503081067592,ENSG00000118058,ENSG00000108799,0.843034114732228
KMT2A,KMT2D,0.0180664211622419,0.894825656393718,ENSG00000118058,ENSG00000167548,0.857975986277873
KMT2A,EHMT1,-0.160709968636648,0.0470893904299615,ENSG00000118058,ENSG00000181090,0.826262626262626
KMT2A,SETD1A,-0.0917889972877676,0.236204915077264,ENSG00000118058,ENSG00000099381,0.865523156089194
KMT2A,SETD1B,-0.0101715976644971,0.922938164519018,ENSG00000118058,ENSG00000139718,0.814217648179912
KMT2A,NSD3,-0.0457793241716018,0.747007976704962,ENSG00000118058,ENSG00000147548,0.969125214408233
KMT2A,KMT2B,0.0112597086506917,0.950728639825662,ENSG00000118058,ENSG00000272333,0.81010101010101
KMT2A,SETD2,-0.0578961850312772,0.504712437471416,ENSG00000118058,ENSG00000181555,0.914999047074519
KMT2A,SETDB2,0.280268852667604,0.0052775319011725,ENSG00000118058,ENSG00000136169,0.781132075471698
KMT2A,SETDB1,-0.0709229015718718,0.545082268983901,ENSG00000118058,ENSG00000143379,0.845168667810177
KMT2A,SUV39H1,0.0334562143852251,0.883263379479656,ENSG00000118058,ENSG00000101945,0.725709929483514
IKZF5,ZNF587B,-0.265625384449263,0.904308913162658,ENSG00000095574,ENSG00000269343,0.608461978273299
IKZF5,ZNF586,-0.170123549425237,0.72409464412158,ENSG00000095574,ENSG00000083828,0.632475700400229
IKZF5,ZIK1,-0.331989960445176,NA,ENSG00000095574,ENSG00000171649,0.676691442729178
IKZF5,ZNF837,-0.173331259994922,0.992002851455424,ENSG00000095574,ENSG00000152475,0.630341147322279
IKZF5,ZNF570,-0.484688174360129,0.552291953573044,ENSG00000095574,ENSG00000171827,0.766647608157042
IKZF5,ZNF549,-0.0814993149240197,0.992002851455424,ENSG00000095574,ENSG00000121406,0.816047265103869
IKZF5,E4F1,0.153676590603094,0.992002851455424,ENSG00000095574,ENSG00000167967,0.89555936725748
IKZF5,ZNF773,0.0438372174482247,0.992002851455424,ENSG00000095574,ENSG00000152439,0.813607775871927
IKZF5,ZNF304,0.0585178168056888,0.992002851455424,ENSG00000095574,ENSG00000131845,0.738822184105203
IKZF5,ZNF584,-0.266143360811166,0.96873295663006,ENSG00000095574,ENSG00000171574,0.78189441585668
IKZF5,ZNF583,0.0629340649127588,0.995309416514974,ENSG00000095574,ENSG00000198440,0.634305317324185
IKZF5,ZNF79,-0.25903317115843,0.976831078620117,ENSG00000095574,ENSG00000196152,0.720144844673146
IKZF5,ZNF562,0.0342471577911527,0.99383184383941,ENSG00000095574,ENSG00000171466,0.804078521059653
IKZF5,ZNF561,-0.223351175460009,0.932286119761206,ENSG00000095574,ENSG00000171469,0.687211740041929
IKZF5,ZSCAN2,-0.167365907356831,0.935508632146251,ENSG00000095574,ENSG00000176371,0.611282637697732
IKZF5,ZNF691,-0.412038125291772,0.489447846360116,ENSG00000095574,ENSG00000164011,0.718925100057175
IKZF5,ZNF548,0.216024965851821,0.990295861742913,ENSG00000095574,ENSG00000188785,0.824356775300171
IKZF5,ZNF480,-0.246489922532123,0.620261751002615,ENSG00000095574,ENSG00000198464,0.594663617305127
IKZF5,ZSCAN20,-2.12139484465883,0.0347186922530559,ENSG00000095574,ENSG00000121903,0.728606822946446
IKZF5,ZNF134,-0.0169445210294246,0.998134685777321,ENSG00000095574,ENSG00000213762,0.819020392605298
IKZF5,ZNF610,0.11599425445446,0.993390503089174,ENSG00000095574,ENSG00000167554,0.42862588145607
IKZF5,ZNF552,-0.286279408179087,0.971581023039947,ENSG00000095574,ENSG00000178935,0.433733562035449
IKZF5,ZNF660,-0.201678590081073,0.992002851455424,ENSG00000095574,ENSG00000144792,0.809948542024014
IKZF5,ZNF793,-1.06689278631912,0.310624819020814,ENSG00000095574,ENSG00000188227,0.743472460453592
IKZF5,ZFAT,0.220318110798009,0.949617670361522,ENSG00000095574,ENSG00000066827,0.584372022107871
IKZF5,ZNF792,0.131241490563032,0.992002851455424,ENSG00000095574,ENSG00000180884,0.671431294072803
IKZF5,ZNF419,0.0505848095529285,0.992002851455424,ENSG00000095574,ENSG00000105136,0.667009719839908
IKZF5,ZNF711,-0.0910453191724584,0.992002851455424,ENSG00000095574,ENSG00000147180,0.454926624737945
IKZF5,ZFX,-0.0197952064010605,0.99667005923879,ENSG00000095574,ENSG00000005889,0.767867352773013
IKZF5,ZNF8,0.0404425143653424,0.993526125454303,ENSG00000095574,ENSG00000278129,0.876882027825424
IKZF5,PRDM15,-0.0439058751940641,0.995309416514974,ENSG00000095574,ENSG00000141956,0.84798932723461
IKZF5,ZBTB11,-0.221531304425941,0.739034811834729,ENSG00000095574,ENSG00000066422,0.867429007051648
IKZF5,ZNF551,-0.162171394057524,0.992002851455424,ENSG00000095574,ENSG00000204519,0.659081379836097
IKZF5,ZNF772,-0.659301693298514,0.458565357511381,ENSG00000095574,ENSG00000197128,0.357347055460263
IKZF5,ZFY,0.0260976745148285,0.996170923769427,ENSG00000095574,ENSG00000067646,0.306880121974462
IKZF5,ZNF154,1.33472185441018,0.0743478005772193,ENSG00000095574,ENSG00000179909,0.0963979416809605
UBR5,UBE3C,0.113527038204217,0.569342715234008,ENSG00000104517,ENSG00000009335,0.878864112826377
UBR5,WWP1,0.367872409071986,0.351249202940955,ENSG00000104517,ENSG00000123124,0.61433199923766
UBR5,HECTD4,-0.0069679972016444,0.984365335187007,ENSG00000104517,ENSG00000173064,0.676843910806175
UBR5,HECTD1,0.0305448700996198,0.872633960803486,ENSG00000104517,ENSG00000092148,0.793177053554412
UBR5,UBE3A,0.13251629453881,0.601457733255323,ENSG00000104517,ENSG00000114062,0.910501238803126
UBR5,SMURF2,0.103652270435233,0.716874595625721,ENSG00000104517,ENSG00000108854,0.828092243186583
UBR5,NEDD4,-0.154673075575115,0.691999734236159,ENSG00000104517,ENSG00000069869,0.65809033733562
UBR5,HUWE1,-0.174011165601295,0.531816520633158,ENSG00000104517,ENSG00000086758,0.914846578997522
UBR5,NEDD4L,-1.84025609672234,0.0142007724828649,ENSG00000104517,ENSG00000049759,-0.21349342481418
UBR5,AREL1,0.217786644021952,0.324204737257903,ENSG00000104517,ENSG00000119682,0.692776824852296
UBR5,HERC3,0.195227548824153,0.493712786209825,ENSG00000104517,ENSG00000138641,0.690794739851344
UBR5,HERC2,-0.112279514067756,0.480714678768525,ENSG00000104517,ENSG00000128731,0.824737945492662
UBR5,HECTD2,-0.676619301857803,0.583370337977757,ENSG00000104517,ENSG00000165338,0.766266437964551
UBR5,HERC6,0.0539546194426716,0.929823427783436,ENSG00000104517,ENSG00000138642,0.388907947398513
UBR5,TRIP12,0.192686056357511,0.301280827911169,ENSG00000104517,ENSG00000153827,0.916523727844482
UBR5,SMURF1,0.292130455364958,0.420862100572343,ENSG00000104517,ENSG00000198742,0.778768820278254
UBR5,ITCH,0.0615226258161846,0.852549570479843,ENSG00000104517,ENSG00000078747,0.853249475890985
UBR5,HECW2,-1.07969864254652,0.0784253135804094,ENSG00000104517,ENSG00000138411,-0.010482180293501
UBR5,HERC4,-0.13948650103914,0.45254223339454,ENSG00000104517,ENSG00000148634,0.872689155708024
UBR5,UBE3B,0.0176821248054907,0.964159384350455,ENSG00000104517,ENSG00000151148,0.85134362492853
UBR5,HACE1,-0.140679676112918,0.874536897551489,ENSG00000104517,ENSG00000085382,0.667467124070898
UBR5,HECW1,-0.4502196976697,0.715442417885378,ENSG00000104517,ENSG00000002746,-0.119115685153421
UBR5,WWP2,0.296157794927832,0.357338664141342,ENSG00000104517,ENSG00000198373,0.643682104059462
TLR4,TLR7,-1.23709340982939,0.0166546640505882,ENSG00000136869,ENSG00000196664,0.453706880121974
TLR4,VASN,-1.35148121227461,NA,ENSG00000136869,ENSG00000168140,0.491671431294073
TLR4,TLR8,-1.32684014324522,1.67261076902167e-08,ENSG00000136869,ENSG00000101916,0.640251572327044
TLR4,LRRC3,-0.15698038557986,0.75930981162614,ENSG00000136869,ENSG00000160233,0.296664760815704
TLR4,NRROS,0.89133930779624,1.37436578536956e-08,ENSG00000136869,ENSG00000174004,0.579569277682485
TLR4,TLR10,-1.4517460015532,NA,ENSG00000136869,ENSG00000174123,0.125748046502763
TLR4,TLR3,1.46684330505107,0.0475129534530616,ENSG00000136869,ENSG00000164342,0.43114160472651
TLR4,TLR5,0.9632094279271,0.0377371119401724,ENSG00000136869,ENSG00000187554,0.466666666666667
TLR4,TSKU,-0.404820529943097,0.206398932309123,ENSG00000136869,ENSG00000182704,0.313893653516295
TLR4,TLR2,-1.05157033709443,2.5749121700127e-27,ENSG00000136869,ENSG00000137462,0.711377930245855
TLR4,LRRC32,-1.69985258499693,7.1933060958081e-18,ENSG00000136869,ENSG00000137507,0.594358681151134
TLR4,TLR1,0.63059022554215,0.0316063394225447,ENSG00000136869,ENSG00000174125,0.611511339813227
TLR4,TLR6,1.50609739119455,6.94313415572198e-06,ENSG00000136869,ENSG00000174130,0.589098532494759
TLR4,CD180,0.921863338998004,2.12740747956737e-14,ENSG00000136869,ENSG00000134061,0.558681151133981
TP53,TP73,-1.31395936930165,0.0167125932061875,ENSG00000141510,ENSG00000078900,0.1452639603583
TP53,TP63,-0.321981200287668,0.843070599544389,ENSG00000141510,ENSG00000073282,0.688965122927387
CMTR1,CMTR2,-0.464751213569454,0.0333547544328517,ENSG00000137200,ENSG00000180917,0.71282637697732
WDR7,TBL2,1.35216532770813,0.0017114245456789,ENSG00000091157,ENSG00000106638,0.179874213836478
WDR7,MAPKBP1,-0.411507938804821,0.58030837992328,ENSG00000091157,ENSG00000137802,0.510958643034115
WDR7,WDR43,-0.373580597545711,0.21615901002244,ENSG00000091157,ENSG00000163811,0.0584333905088622
WDR7,NEDD1,1.07284257017135,0.0018429547853531,ENSG00000091157,ENSG00000139350,0.0368591576138746
WDR7,WDR27,0.880720741692202,0.625998827889907,ENSG00000091157,ENSG00000184465,0.243910806174957
WDR7,POC1B,-0.180053135872237,0.723626079498624,ENSG00000091157,ENSG00000139323,0.277301315037164
WDR7,WDR88,-1.27405107416375,NA,ENSG00000091157,ENSG00000166359,0.610825233466743
WDR7,WDR75,-0.351921969550786,0.43659062564642,ENSG00000091157,ENSG00000115368,0.338212311797217
WDR7,DCAF4,0.730646694907249,0.194781157388299,ENSG00000091157,ENSG00000119599,0.127958833619211
WDR7,DAW1,-3.50849587887544,NA,ENSG00000091157,ENSG00000123977,0.35596812463964
WDR7,WDR62,-0.014397300520596,0.97940350861134,ENSG00000091157,ENSG00000075702,-0.0850390699447303
WDR7,WDR17,-0.672251043692576,0.670808643339306,ENSG00000091157,ENSG00000150627,0.768019820850009
WDR7,POC1A,-0.0731199871965729,0.932462700530788,ENSG00000091157,ENSG00000164087,-0.107604345340194
WDR7,TEP1,1.29308573092294,0.147830580581044,ENSG00000091157,ENSG00000129566,-0.0491328378120831
WDR7,PAFAH1B1,-0.41276243164249,0.158388503397174,ENSG00000091157,ENSG00000007168,0.694072803506766
WDR7,WDR38,-1.94878466217187,0.0737738238802479,ENSG00000091157,ENSG00000136918,0.69456630407034
WDR7,PAK1IP1,-1.15397748957583,2.2983395019624e-05,ENSG00000091157,ENSG00000111845,0.31198780255384
WDR7,WDR81,0.574490161594923,0.396492622894442,ENSG00000091157,ENSG00000167716,0.00438345721364589
WDR7,AHI1,0.861604721065486,0.148094737387721,ENSG00000091157,ENSG00000135541,0.7642081189251
WDR7,NWD1,-2.0023497568955,NA,ENSG00000091157,ENSG00000188039,0.445931008195159
WDR7,DCAF4L1,-0.173274816876123,0.917954667950752,ENSG00000091157,ENSG00000182308,0.242386125404993
WDR7,SNRNP40,-0.626441944065305,0.0139606840908009,ENSG00000091157,ENSG00000060688,0.313131313131313
WDR7,WDR5,0.133221696241491,0.79934649069482,ENSG00000091157,ENSG00000196363,0.29895178197065
WDR7,WDR5B,1.23103795056245,0.0725495381260487,ENSG00000091157,ENSG00000196981,0.0665141985896703
TFAM,HMG20B,0.281502797970134,0.267367953601682,ENSG00000108064,ENSG00000064961,0.527348961311225
TFAM,HMGB3,0.0759108676229777,0.350482196567243,ENSG00000108064,ENSG00000029993,0.104554983800267
TFAM,HMGB2,-0.0795863877924607,0.718990137996423,ENSG00000108064,ENSG00000164104,0.665789975223937
TFAM,TOX,1.64173725479601,8.65044199896979e-06,ENSG00000108064,ENSG00000198846,0.105546026300743
TFAM,TOX2,0.788253832170589,0.0001189779669052,ENSG00000108064,ENSG00000124191,0.31282637697732
TFAM,SP100,0.143342154604725,0.913076012642255,ENSG00000108064,ENSG00000067066,0.548694492090718
TFAM,TOX3,4.39443834445906,0.11166488280817,ENSG00000108064,ENSG00000103460,-0.142824517737485
TFAM,SP140L,-1.72938872182699,1.90655215555547e-13,ENSG00000108064,ENSG00000185404,0.660148656375071
TFAM,HMGB1,-0.813951192249725,8.90764712732083e-08,ENSG00000108064,ENSG00000189403,0.740651801029159
TFAM,HMGXB4,-0.0581204745007843,0.7948045864893,ENSG00000108064,ENSG00000100281,0.863769773203735
TFAM,UBTF,-0.211512149158705,0.396212272144882,ENSG00000108064,ENSG00000108312,0.784715075281113
TFAM,SMARCE1,-0.357831210087867,0.0202169547906663,ENSG00000108064,ENSG00000073584,0.773661139698875
TFAM,SP110,-1.12107163391923,0.039118802659916,ENSG00000108064,ENSG00000135899,0.5073756432247
TFAM,SSRP1,-0.389572128340998,0.0320225695311568,ENSG00000108064,ENSG00000149136,0.829540689918048
TFAM,HMG20A,-0.334030877461634,0.0287283899294657,ENSG00000108064,ENSG00000140382,0.863617305126739
TFAM,TOX4,-0.0972360505841286,0.760468937099204,ENSG00000108064,ENSG00000092203,0.676462740613684
REL,RELB,-2.00827876858175,0.0016078954672913,ENSG00000162924,ENSG00000104856,0.774042309891366
REL,NFKB1,-0.725234060219664,0.525746475387147,ENSG00000162924,ENSG00000109320,0.853020773775491
REL,NFKB2,-2.41162600898971,3.46589522739752e-05,ENSG00000162924,ENSG00000077150,0.723499142367067
REL,RELA,-0.0672032550032963,0.998070195013903,ENSG00000162924,ENSG00000173039,0.748580141032971
p50,TNFRSF10C,-1.34422648705124,NA,ENSG00000227372,ENSG00000173535,0.388984181437012
p50,TNFRSF21,-0.618162796980099,0.943628116787569,ENSG00000227372,ENSG00000146072,0.106308366685725
p50,TNFRSF9,-2.17898469847464,0.0017634614956747,ENSG00000227372,ENSG00000049249,0.275852868305698
p50,LTBR,-0.547250456047585,0.802152831980615,ENSG00000227372,ENSG00000111321,0.557995044787498
p50,TNFRSF10D,-0.0799132831306661,0.996321426411864,ENSG00000227372,ENSG00000173530,0.501734324375834
p50,TNFRSF1B,-0.855528398551844,0.858335022696499,ENSG00000227372,ENSG00000028137,0.431827711072994
p50,TNFRSF11A,-1.08809356739519,NA,ENSG00000227372,ENSG00000141655,0.340804269106156
p50,TNFRSF14,0.166851375255882,0.995711771407388,ENSG00000227372,ENSG00000157873,0.536801982085001
p50,TNFRSF10B,-1.20854560884907,0.277188660824396,ENSG00000227372,ENSG00000120889,0.490832856870593
p50,NGFR,-0.779094611843136,NA,ENSG00000227372,ENSG00000064300,0.585591766723842
p50,TNFRSF8,-1.43271628429497,NA,ENSG00000227372,ENSG00000120949,0.211053935582237
p50,RELT,-1.17534978599185,0.53975831921611,ENSG00000227372,ENSG00000054967,0.0290070516485611
p50,TNFRSF25,1.30433105877164,NA,ENSG00000227372,ENSG00000215788,0.388679245283019
p50,TNFRSF1A,-0.461966407984188,0.899573959717486,ENSG00000227372,ENSG00000067182,0.559519725557461
p50,FAS,-0.575441468021553,0.973210885258466,ENSG00000227372,ENSG00000026103,0.593291404612159
p50,ARHGEF9,-0.168282631477873,0.996321426411864,ENSG00000227372,ENSG00000131089,0.180102915951973
p50,REL,-0.486997210657485,0.882483546474554,ENSG00000227372,ENSG00000162924,0.549228130360206
p50,SESTD1,-0.648357865983249,0.973210885258466,ENSG00000227372,ENSG00000187231,0.691709548313322
p50,NFKB2,-2.61610701623379,0.0001229686096311,ENSG00000227372,ENSG00000077150,0.564093767867353
p50,RELA,-0.227367162296248,0.985119699344066,ENSG00000227372,ENSG00000173039,0.783342862588145
p50,SPATA13,0.320691852761932,0.973210885258466,ENSG00000227372,ENSG00000182957,0.133371450352582
p50,RELB,-2.56340922712959,1.5955025337506e-07,ENSG00000227372,ENSG00000104856,0.374804650276348
p50,TIAM1,0.460861211145868,0.925583538346962,ENSG00000227372,ENSG00000156299,0.102191728606823
p50,ARHGEF6,-0.736775418120495,0.599995345713648,ENSG00000227372,ENSG00000129675,0.286906803887936
p50,VAV2,-0.21256536099052,0.995711771407388,ENSG00000227372,ENSG00000160293,0.413607775871927
p50,TIAM2,-0.124103293242852,0.996321426411864,ENSG00000227372,ENSG00000146426,0.298494377739661
p50,ARHGEF40,0.0532843797917471,0.996321426411864,ENSG00000227372,ENSG00000165801,0.74819897084048
p50,TNFRSF10A,-0.0251050696384587,0.997599375645872,ENSG00000227372,ENSG00000104689,0.345607013531542
p50,MCF2L,2.60084694846284,NA,ENSG00000227372,ENSG00000126217,0.134438726891557
p50,PLEKHN1,0.561862718532578,0.915443246390412,ENSG00000227372,ENSG00000187583,0.34484467314656
p50,KALRN,-1.62434555799844,NA,ENSG00000227372,ENSG00000160145,0.175452639603583
p50,ARHGEF25,0.274909170216956,0.996321426411864,ENSG00000227372,ENSG00000240771,0.696054888507719
p50,PLEKHG4,0.95260423800145,0.398693251476763,ENSG00000227372,ENSG00000196155,0.656718124642653
p50,TRIO,-0.295797623513477,0.995711771407388,ENSG00000227372,ENSG00000038382,0.793481989708405
p50,MCF2L2,0.235690775743495,0.996321426411864,ENSG00000227372,ENSG00000053524,-0.0206975414522584
p50,PLEKHG2,-1.8537986388108,0.11808968512849,ENSG00000227372,ENSG00000090924,0.766418906041547
p50,VAV3,0.0472918198142934,0.996838936971735,ENSG00000227372,ENSG00000134215,0.0915189632170764
p50,VAV1,-0.356763016129375,0.946965608924514,ENSG00000227372,ENSG00000141968,0.206861063464837
p52,RELB,-2.00145394608626,1.96871671334062e-05,ENSG00000231510,ENSG00000104856,-0.0749121625513918
p52,RELA,-0.0962093722100119,0.975260555040254,ENSG00000231510,ENSG00000173039,-0.0837253581456732
p52,REL,-0.25898797162457,0.921774720374484,ENSG00000231510,ENSG00000162924,0.0484725757685477
p52,HDGFL3,0.333255938716645,0.985918356469802,ENSG00000231510,ENSG00000166503,0.215923292059894
p52,HDGFL2,-0.0664497567701998,0.993226281508403,ENSG00000231510,ENSG00000167674,0.233549683248457
p52,HDGF,-0.21509642092097,0.90282325852879,ENSG00000231510,ENSG00000143321,-0.118978140522799
p52,NFKB1,-1.14233029441988,0.056374966925323,ENSG00000231510,ENSG00000109320,-0.0837253581456732
p65,RELB,-1.7291490809136,8.97061444268067e-05,ENSG00000233645,ENSG00000104856,0.154230922899924
p65,NFKB1,-0.743400688472765,0.264120198572143,ENSG00000233645,ENSG00000109320,-0.0396593801742663
p65,NFKB2,-1.65361852629596,0.0212387333974739,ENSG00000233645,ENSG00000077150,0.0837253581456732
p65,REL,-0.191033086187662,0.933363023278485,ENSG00000233645,ENSG00000162924,-0.118978140522799
p65,SYT11,-0.265941449702412,0.967802853220906,ENSG00000233645,ENSG00000132718,-0.118978140522799
p65,RPH3AL,0.178898715534883,0.978912154855761,ENSG00000233645,ENSG00000181031,0.18948370527705
p65,SYT17,-2.07481381139095,0.764854391455207,ENSG00000233645,ENSG00000103528,0.0484725757685477
p65,SYTL1,1.07067866460855,0.38358053122194,ENSG00000233645,ENSG00000142765,0.0308461845799849
p65,SYT3,0.397780792797138,0.91073036377022,ENSG00000233645,ENSG00000213023,0.101351749334236
p65,RPH3A,-2.71551172202077,0.852227113465991,ENSG00000233645,ENSG00000089169,-0.136604531711362
p65,SYTL2,-0.233607998672705,0.978950007456336,ENSG00000233645,ENSG00000137501,0.154230922899924
p65,SYT2,0.353639226094336,0.985568424469591,ENSG00000233645,ENSG00000143858,-0.18948370527705
p65,SYT12,0.651258460325681,0.815071529923407,ENSG00000233645,ENSG00000173227,0.0044065977971407
p65,SYTL3,-0.024654959986337,0.99410424045078,ENSG00000233645,ENSG00000164674,-0.0308461845799849
p65,GORASP2,0.0396417100195255,0.987294434288511,ENSG00000233645,ENSG00000115806,-0.0925385537399546
p65,SYT15,0.770469457223067,0.725940016050977,ENSG00000233645,ENSG00000204176,-0.110164944928517
p65,DOC2A,1.35983045629101,0.336465325006303,ENSG00000233645,ENSG00000149927,0.0749121625513918
BUB1B,BUB1,0.814311511062267,0.0005495630196994,ENSG00000156970,ENSG00000169679,0.791271202591957
FOSL1,JDP2,-0.544742415439916,0.479149939254585,ENSG00000175592,ENSG00000140044,0.613950829045169
FOSL1,FOS,0.563152910433923,0.0047633135801165,ENSG00000175592,ENSG00000170345,0.680503144654088
FOSL1,ATF3,0.161208455577727,0.922979505641155,ENSG00000175592,ENSG00000162772,0.690566037735849
FOSL1,BATF3,0.140980683796374,NA,ENSG00000175592,ENSG00000123685,0.175605107680579
FOSL1,FOSB,-0.51803785217413,0.722412498826816,ENSG00000175592,ENSG00000125740,0.605107680579379
FOSL1,BATF,0.123989281566354,0.926940845118887,ENSG00000175592,ENSG00000156127,0.535658471507528
FOSL1,FOSL2,-0.158465675562751,0.833354608209995,ENSG00000175592,ENSG00000075426,0.692776824852296
FOSL1,BATF2,-0.788138982498582,NA,ENSG00000175592,ENSG00000168062,0.13009338669716
INO80,BTAF1,-0.441062074460089,0.0054192495560217,ENSG00000128908,ENSG00000095564,0.864150943396226
INO80,HLTF,0.207263055079389,0.0600851833966386,ENSG00000128908,ENSG00000071794,0.518429578806937
INO80,RAD54B,0.946071923241314,0.0073422245284475,ENSG00000128908,ENSG00000197275,0.703525824280541
INO80,CHD1L,0.0422888942797361,0.818158035233276,ENSG00000128908,ENSG00000131778,0.771907756813417
INO80,ATRX,-0.252961051590476,0.0373123339790933,ENSG00000128908,ENSG00000085224,0.884657899752239
INO80,CHD5,0.431338972599202,NA,ENSG00000128908,ENSG00000116254,-0.0918238993710692
INO80,ZRANB3,-0.0499090614131548,0.887806409596355,ENSG00000128908,ENSG00000121988,0.696893462931199
INO80,SHPRH,-0.740933585755105,0.0036744521822535,ENSG00000128908,ENSG00000146414,0.941680960548885
INO80,SMARCAL1,-0.220468748277765,0.174379742236797,ENSG00000128908,ENSG00000138375,0.830531732418525
INO80,TTF2,0.0211781243804492,0.895542469338659,ENSG00000128908,ENSG00000116830,0.665485039069945
INO80,CHD6,-0.572525266702269,0.0045743852999255,ENSG00000128908,ENSG00000124177,0.900743281875357
INO80,RAD54L,0.764496027526255,0.000143040224275,ENSG00000128908,ENSG00000085999,0.24505431675243
INO80,CHD2,-0.978716502475196,1.13499011107558e-05,ENSG00000128908,ENSG00000173575,0.946483704974271
INO80,SMARCA4,-0.0389671995917587,0.820579741896296,ENSG00000128908,ENSG00000127616,0.732952163140842
INO80,ERCC6L,1.24401675480908,0.0001832157931108,ENSG00000128908,ENSG00000186871,0.764513055079093
INO80,ERCC6,-0.46084490354037,0.049265267891845,ENSG00000128908,ENSG00000225830,0.866895368782161
INO80,SMARCA2,-0.394468797762392,0.0016527230260616,ENSG00000128908,ENSG00000080503,0.78822184105203
INO80,HELLS,0.713831589406415,0.000326866303135,ENSG00000128908,ENSG00000119969,0.726333644760174
INO80,CHD1,0.0752003920616849,0.600787618252137,ENSG00000128908,ENSG00000153922,0.887631027253669
INO80,CHD9,-0.244345236719757,0.0678876050101795,ENSG00000128908,ENSG00000177200,0.939089003239946
INO80,RAD54L2,-0.421675145643613,0.059961589709425,ENSG00000128908,ENSG00000164080,0.934438726891557
INO80,SRCAP,-0.564934905978784,0.0038404587066508,ENSG00000128908,ENSG00000080603,0.867200304936154
INO80,SMARCAD1,0.0121905716563759,0.955532154624845,ENSG00000128908,ENSG00000163104,0.901124452067848
INO80,EP400,-0.448300297627777,0.0143990128436098,ENSG00000128908,ENSG00000183495,0.926891557080236
INO80,SMARCA5,0.267813917358619,0.0108367879563899,ENSG00000128908,ENSG00000153147,0.756279778921288
INO80,SMARCA1,-0.0818580000477904,0.434440951086522,ENSG00000128908,ENSG00000102038,0.516523727844483
INO80,CHD3,-0.900810895769615,7.40525072478929e-07,ENSG00000128908,ENSG00000170004,0.622489041356966
INO80,CHD8,-0.229814506425236,0.124000075904927,ENSG00000128908,ENSG00000100888,0.935963407661521
INO80,CHD7,-0.0822568697200269,0.587448312223732,ENSG00000128908,ENSG00000171316,0.396760053363827
INO80,CHD4,-0.333092909016373,0.059463435887012,ENSG00000128908,ENSG00000111642,0.893653516295026
JUNB,JUND,0.429190754697449,0.0064072205234479,ENSG00000171223,ENSG00000130522,0.585286830569849
JUNB,JUN,0.619041820877511,0.1819501347793,ENSG00000171223,ENSG00000177606,0.714884696016771
KDM1A,MAOA,0.887775301686155,0.0002058185286181,ENSG00000004487,ENSG00000189221,0.264189060415476
KDM1A,KDM1B,-0.350772769140594,0.0529473171231053,ENSG00000004487,ENSG00000165097,0.768096054888508
KDM1A,PAOX,-0.978145367228408,0.353743719441732,ENSG00000004487,ENSG00000148832,0.680045740423099
KDM1A,IL4I1,0.814677018228933,NA,ENSG00000004487,ENSG00000104951,0.425347817800648
KDM1A,PPOX,-0.239458498669765,0.337160246650565,ENSG00000004487,ENSG00000143224,0.816367760158942
KDM1A,SMOX,-0.21256985771671,0.387049461249967,ENSG00000004487,ENSG00000088826,-0.00323994663617305
KLF6,KLF4,0.68864131434988,NA,ENSG00000067082,ENSG00000136826,0.850200114351058
KLF6,KLF9,-0.0012797677200248,0.99909093659097,ENSG00000067082,ENSG00000119138,0.771679054697923
KLF6,KLF13,-0.630019421160375,0.156284603289727,ENSG00000067082,ENSG00000169926,0.547322279397751
KLF6,KLF3,0.035921758087261,0.96192816557782,ENSG00000067082,ENSG00000109787,0.82397560510768
KLF6,SP7,1.37678766002507,NA,ENSG00000067082,ENSG00000170374,-0.13864216866428
KLF6,KLF12,-0.113650059754045,0.854584144177467,ENSG00000067082,ENSG00000118922,0.39958071278826
KLF6,KLF8,-0.0552390228592858,NA,ENSG00000067082,ENSG00000102349,0.844253859348199
KLF6,KLF7,0.851934301146105,0.0009170931203135,ENSG00000067082,ENSG00000118263,0.76336954450162
KLF6,KLF5,-0.719713135185846,NA,ENSG00000067082,ENSG00000102554,0.550447874976177
KLF6,KLF2,0.581525735689856,0.563407318829937,ENSG00000067082,ENSG00000127528,0.793481989708405
KLF6,KLF15,0.327052692413602,0.172929610727906,ENSG00000067082,ENSG00000163884,0.361234991423671
KLF6,KLF11,-0.373285209445365,0.738502177875631,ENSG00000067082,ENSG00000172059,0.816504669334858
KLF6,SP9,-1.16400612769964,NA,ENSG00000067082,ENSG00000217236,-0.39110152904182
KLF6,SP6,1.62402009847587,NA,ENSG00000067082,ENSG00000189120,0.575833809796074
KLF6,SP8,0.727125391206965,NA,ENSG00000067082,ENSG00000164651,-0.389417787086554
KLF6,KLF16,-0.303937600318655,0.473370880839585,ENSG00000067082,ENSG00000129911,-0.273718315227749
KLF6,KLF14,-0.0210025929475777,NA,ENSG00000067082,ENSG00000266265,0.427302140323842
KLF6,KLF10,0.190932397936777,0.74879051050623,ENSG00000067082,ENSG00000155090,0.811930627024967
KLF6,KLF17,-0.168429110550772,NA,ENSG00000067082,ENSG00000171872,-0.0858572203947501
MTF1,ZNF296,0.117771247117331,NA,ENSG00000188786,ENSG00000170684,0.438612540499333
MTF1,ZNF410,1.33617222704687,NA,ENSG00000188786,ENSG00000119725,0.787459500667048
MTF1,VEZF1,0.0595381723860014,0.884925198623985,ENSG00000188786,ENSG00000136451,0.540232513817419
MTF1,ZNF384,0.164004898244317,0.448069581860737,ENSG00000188786,ENSG00000126746,0.764589289117591
MTF1,ZNF76,-0.322516652298651,0.118858782641222,ENSG00000188786,ENSG00000065029,0.601600914808462
MTF1,ZBTB7C,0.171616749900638,NA,ENSG00000188786,ENSG00000184828,0.334171907756813
MTF1,ZBTB20,0.0383393000058493,0.976200734555573,ENSG00000188786,ENSG00000181722,0.529102344196684
MTF1,MAZ,-0.095610409487517,0.803655903762312,ENSG00000188786,ENSG00000103495,0.747436630455498
MTF1,PATZ1,-0.0275492916733085,0.947418158324262,ENSG00000188786,ENSG00000100105,0.51789594053745
MTF1,ZFP91,-0.0229782841848898,0.943969165009277,ENSG00000188786,ENSG00000186660,0.75955784257671
MTF1,SNAI1,0.147707754841964,0.807403464345356,ENSG00000188786,ENSG00000124216,0.39325328759291
MTF1,ZBTB1,0.0859553644981353,0.819922622098447,ENSG00000188786,ENSG00000126804,0.664875166761959
MTF1,PRDM10,-0.193319401527179,0.663505275552733,ENSG00000188786,ENSG00000170325,0.806365542214599
MTF1,HIC2,0.118357405463033,0.863602723301783,ENSG00000188786,ENSG00000169635,0.536725748046503
MTF1,ZBTB45,0.292689916295319,0.447308717515894,ENSG00000188786,ENSG00000119574,0.622870211549457
MTF1,ZNF276,-0.251657057355439,0.457888773606225,ENSG00000188786,ENSG00000158805,0.777777777777778
MTF1,TF,0.664227307837734,NA,ENSG00000188786,ENSG00000091513,-0.217991233085573
MTF1,SRPRB,-0.0013044321754617,0.998214348760838,ENSG00000188786,ENSG00000144867,0.409338669716028
MTF1,LTF,0.344498275410814,NA,ENSG00000188786,ENSG00000012223,0.0133790737564322
MTF1,ZBTB42,0.486894785842431,0.533030541511284,ENSG00000188786,ENSG00000179627,0.181551362683438
MTF1,ZNF148,0.133431113268157,0.646280453046577,ENSG00000188786,ENSG00000163848,0.742786354107109
MTF1,SNAI2,-0.681964987818622,0.0009266724115255,ENSG00000188786,ENSG00000019549,0.521402706308367
MTF1,HIC1,-0.293455650533767,0.790043360306727,ENSG00000188786,ENSG00000177374,0.509510196302649
MTF1,IRF2BPL,0.0235897742665616,0.932911772505457,ENSG00000188786,ENSG00000119669,0.581780064798933
MTF1,IRF2BP1,0.0956774690101248,0.816157449872042,ENSG00000188786,ENSG00000170604,0.512712025919573
MTF1,ST18,0.340733001852355,NA,ENSG00000188786,ENSG00000147488,-0.310691823899371
MTF1,IRF2BP2,-0.228861991680556,0.744032589268152,ENSG00000188786,ENSG00000168264,0.612121212121212
MTF1,SCRT1,0.387042414462158,NA,ENSG00000188786,ENSG00000261678,-0.210825233466743
MTF1,ZBTB16,0.0458085006747925,NA,ENSG00000188786,ENSG00000109906,0.406518010291595
MTF1,ZNF575,-0.152850681078002,0.93015343756876,ENSG00000188786,ENSG00000176472,0.236973508671622
MTF1,ZBTB32,-0.398390743514879,NA,ENSG00000188786,ENSG00000011590,0.74903754526396
MTF1,ZNF281,-0.101721140926045,0.788117099965353,ENSG00000188786,ENSG00000162702,0.522165046693349
MTF1,ZNF653,-0.0883306221543292,0.932911772505457,ENSG00000188786,ENSG00000161914,0.456451305507909
MTF1,ZNF451,0.128765824756709,0.80335945225211,ENSG00000188786,ENSG00000112200,0.755060034305317
MTF1,ZNF143,-0.141101743190894,0.823334894040563,ENSG00000188786,ENSG00000166478,0.847760625119116
MTF1,ZBTB18,0.0659351989963138,0.864122198209509,ENSG00000188786,ENSG00000179456,-0.0703259005145798
MTF1,PRDM6,0.837158163756249,NA,ENSG00000188786,ENSG00000061455,0.316943015056223
MTF1,ZNF362,-0.0389076438617841,0.96264071148158,ENSG00000188786,ENSG00000160094,0.52338479130932
MTF1,ZNF692,-0.0958043908829421,0.753377278904911,ENSG00000188786,ENSG00000171163,0.638193253287593
MTF1,SNAI3,0.347215887992808,NA,ENSG00000188786,ENSG00000185669,0.101276920144845
MTF1,PRDM1,0.340733001852355,NA,ENSG00000188786,ENSG00000057657,0.723422908328569
NSD1,ASH1L,-0.277007057234917,0.0424259818243905,ENSG00000165671,ENSG00000116539,0.840594625500286
NSD1,EHMT2,-0.0415044991849681,0.823161810579112,ENSG00000165671,ENSG00000204371,0.536801982085001
NSD1,KMT2C,-0.456614623879375,0.0077336602365611,ENSG00000165671,ENSG00000055609,0.918505812845435
NSD1,SETBP1,0.0697861313503128,0.94089478951103,ENSG00000165671,ENSG00000152217,0.621193062702497
NSD1,SETDB1,-0.544661364774053,0.0018518573871642,ENSG00000165671,ENSG00000143379,0.920182961692396
NSD1,SUV39H1,0.768616468489587,0.0073326857392056,ENSG00000165671,ENSG00000101945,0.785172479512102
NSD1,SUV39H2,0.605159939497306,0.021316799652027,ENSG00000165671,ENSG00000152455,0.902344196683819
NSD1,EZH1,-0.335424674264152,0.217014789492746,ENSG00000165671,ENSG00000108799,0.702915951972556
NSD1,SETD1A,-0.163408819921736,0.256252110785022,ENSG00000165671,ENSG00000099381,0.897846388412426
NSD1,EHMT1,-0.106831737894434,0.55800861018209,ENSG00000165671,ENSG00000181090,0.903640175338288
NSD1,EZH2,0.471710124887117,0.0094917350868876,ENSG00000165671,ENSG00000106462,0.735772822565275
NSD1,SETDB2,-0.194344024586521,0.439525146932279,ENSG00000165671,ENSG00000136169,0.810405946255003
NSD1,SETD2,-0.0713256828308339,0.699677612867899,ENSG00000165671,ENSG00000181555,0.941757194587383
NSD1,KMT2D,-0.583776351203915,0.0008398993665687,ENSG00000165671,ENSG00000167548,0.932914046121593
NSD1,KMT2A,-0.387678008973688,0.013464960900923,ENSG00000165671,ENSG00000118058,0.870478368591576
NSD1,SETD1B,-0.42252052217599,0.029349929708914,ENSG00000165671,ENSG00000139718,0.739660758528683
NSD1,KMT2B,-2.07985332335245,0.188702454096077,ENSG00000165671,ENSG00000272333,0.896702877834953
PLK1,PLK3,-0.135870749807372,0.721168657400417,ENSG00000166851,ENSG00000173846,0.32799695063846
PLK1,PLK2,-0.166770662403742,0.517566200717666,ENSG00000166851,ENSG00000145632,0.36801982085001
PLK1,PLK4,0.731806102994502,0.0496905312431224,ENSG00000166851,ENSG00000142731,0.684848484848485
PLK1,PLK5,-0.306269276750441,NA,ENSG00000166851,ENSG00000185988,0.368934629311988
PRPF4B,CDKL3,0.340779784169862,0.738587881740544,ENSG00000112739,ENSG00000006837,0.238650657518582
PRPF4B,CDK6,-0.215685109413111,0.31540402867336,ENSG00000112739,ENSG00000105810,0.55494568324757
PRPF4B,CDK5,0.47376891988604,0.0060067887755219,ENSG00000112739,ENSG00000164885,-0.150447874976177
PRPF4B,CDK18,-0.947142413571056,9.23280654531459e-06,ENSG00000112739,ENSG00000117266,-0.305279207166
PRPF4B,CDK1,1.4247364346171,4.76702590474998e-10,ENSG00000112739,ENSG00000170312,0.556241661902039
PRPF4B,CDK3,-1.01378217955752,0.43826046701384,ENSG00000112739,ENSG00000250506,0.720221078711645
PRPF4B,CDK7,-0.280568355373473,0.188848517008706,ENSG00000112739,ENSG00000134058,0.679969506384601
PRPF4B,CDKL1,-0.923133160267156,0.244561331350585,ENSG00000112739,ENSG00000100490,0.718848866018677
PRPF4B,CDK19,-0.929082148643099,0.0010341891688063,ENSG00000112739,ENSG00000155111,0.218219935201067
PRPF4B,CDK14,-1.41384283783943,NA,ENSG00000112739,ENSG00000058091,0.302077377549076
PRPF4B,CDK4,0.368882590118818,0.0098882892929887,ENSG00000112739,ENSG00000135446,0.854164284352963
PRPF4B,CDKL4,0.184743393394623,NA,ENSG00000112739,ENSG00000205111,0.0855727082142176
PRPF4B,CDK11B,0.0879214791816352,0.652590301259195,ENSG00000112739,ENSG00000248333,0.7979035639413
PRPF4B,CDK11A,-0.343184372683509,0.685541993418303,ENSG00000112739,ENSG00000008128,0.841509433962264
PRPF4B,CDK13,-0.54285659117006,0.0040041655679816,ENSG00000112739,ENSG00000065883,0.927958833619211
PRPF4B,CDK15,0.293827990497368,0.641423361910271,ENSG00000112739,ENSG00000138395,0.656641890604155
PRPF4B,CDKL5,-1.41575796278514,0.0019534293721214,ENSG00000112739,ENSG00000008086,0.199542595769011
PRPF4B,CDK17,0.029727662196798,0.922038773963567,ENSG00000112739,ENSG00000059758,0.473985134362493
PRPF4B,CDK8,0.252633988294243,0.321047392828847,ENSG00000112739,ENSG00000132964,0.777167905469792
PRPF4B,CDK12,-0.244035687993217,0.0316387239948863,ENSG00000112739,ENSG00000167258,0.856222603392415
PRPF4B,CDK2,-0.364074750397785,0.0179797658671476,ENSG00000112739,ENSG00000123374,0.782428054126167
PRPF4B,CDK20,-0.332568317792372,0.378284018969685,ENSG00000112739,ENSG00000156345,0.338441013912712
PRPF4B,CDK16,-0.14082244854142,0.355182509429629,ENSG00000112739,ENSG00000102225,0.436554221459882
PRPF4B,CDK9,0.31811393746342,0.261806724132441,ENSG00000112739,ENSG00000136807,0.794015627977892
PRPF4B,CDK10,-0.306090015781838,0.058477707066376,ENSG00000112739,ENSG00000185324,0.71663807890223
RUNX3,RUNX2,0.0206345457665073,0.981720352910694,ENSG00000020633,ENSG00000124813,0.619287211740042
RUNX3,RUNX1,2.12916070012364,2.51937987803366e-80,ENSG00000020633,ENSG00000159216,0.761768629693158
SP1,SP2,0.237575482149652,0.541301633221989,ENSG00000185591,ENSG00000167182,0.806060606060606
SP1,SP4,0.910325221412901,1.78934348599862e-08,ENSG00000185591,ENSG00000105866,0.585972936916333
SP1,SP3,0.235232513158866,0.0950896822062355,ENSG00000185591,ENSG00000172845,0.888545835715647
SRF,MEF2D,-0.702950119288175,1.24574100858517e-06,ENSG00000112658,ENSG00000116604,0.829007051648561
SRF,MEF2C,0.273640755306696,0.238025064082501,ENSG00000112658,ENSG00000081189,0.507985515532685
SRF,MEF2B,-0.78411606871069,NA,ENSG00000112658,ENSG00000213999,0.61219744615971
SRF,MEF2A,-0.435160977828254,0.0087213789563176,ENSG00000112658,ENSG00000068305,0.818791690489804
STK11,CAMKV,0.900523154412296,NA,ENSG00000118046,ENSG00000164076,-0.233161806746712
STK11,CAMK1D,0.409073746997636,NA,ENSG00000118046,ENSG00000183049,0.0826758147512864
STK11,DCLK2,-0.40674339250181,0.58767987943643,ENSG00000118046,ENSG00000170390,-0.092967409948542
STK11,CAMK1,-0.438186676172569,NA,ENSG00000118046,ENSG00000134072,0.315951972555746
STK11,MYLK4,-1.53519577443025,NA,ENSG00000118046,ENSG00000145949,0.634457785401182
STK11,CAMKK2,-0.0577123584612043,0.893207614132353,ENSG00000118046,ENSG00000110931,0.382656756241662
STK11,CAMK2B,-0.0311534554419478,NA,ENSG00000118046,ENSG00000058404,-0.313283781208309
STK11,PNCK,-0.14841659240665,0.797941785532296,ENSG00000118046,ENSG00000130822,-0.100895749952354
STK11,CAMKK1,-0.043035357753324,0.923223179020029,ENSG00000118046,ENSG00000004660,0.322813036020583
STK11,PSKH1,0.0400287989926541,0.933258041333447,ENSG00000118046,ENSG00000159792,0.603964170001906
STK11,CAMK2G,0.0457426948235099,0.894476929916675,ENSG00000118046,ENSG00000148660,0.26990661330284
STK11,PHKG2,0.005326192697985,0.992725901220004,ENSG00000118046,ENSG00000156873,0.794473032208881
STK11,MYLK3,2.28901654615427,NA,ENSG00000118046,ENSG00000140795,0.131313131313131
STK11,CAMK2A,0.448353648836695,NA,ENSG00000118046,ENSG00000070808,-0.14777968362874
STK11,PSKH2,0.233031137858231,NA,ENSG00000118046,ENSG00000147613,-0.00720083686652272
STK11,CAMK2D,-0.457418024641372,0.0243163401274356,ENSG00000118046,ENSG00000145349,0.467200304936154
STK11,CAMK1G,0.0523560030312405,NA,ENSG00000118046,ENSG00000008118,-0.0704783685915761
STK11,PHKG1,-0.0929669696239552,0.944238881335258,ENSG00000118046,ENSG00000164776,-0.0566800076234038
STK11,DCLK1,0.958785837726402,0.0004631241861944,ENSG00000118046,ENSG00000133083,-0.0258814560701353
STK11,MYLK2,2.45787829571162,NA,ENSG00000118046,ENSG00000101306,-0.176443682104059
VEZF1,ZNF76,-0.109932161933357,0.723898556835676,ENSG00000136451,ENSG00000065029,0.77053554412045
VEZF1,ZNF410,-1.0074364545721,NA,ENSG00000136451,ENSG00000119725,0.772898799313893
VEZF1,ZBTB20,-0.00616730781987,0.995142730563054,ENSG00000136451,ENSG00000181722,0.75033352391843
VEZF1,ZBTB7C,-0.58487845111465,NA,ENSG00000136451,ENSG00000184828,0.440594625500286
VEZF1,PATZ1,-0.874492026980184,1.73150157403042e-10,ENSG00000136451,ENSG00000100105,0.743243758338098
VEZF1,ZNF384,0.0032340702165669,0.9922833542511,ENSG00000136451,ENSG00000126746,0.776100628930818
VEZF1,MAZ,0.1105720534074,0.75540165669245,ENSG00000136451,ENSG00000103495,0.63453401943968
VEZF1,PRDM10,-0.209894313715652,0.586737071199489,ENSG00000136451,ENSG00000170325,0.630036211168287
VEZF1,ZFP91,0.157468408208074,0.220010240790588,ENSG00000136451,ENSG00000186660,0.72715837621498
VEZF1,ZBTB42,0.23738711174529,0.808419825262444,ENSG00000136451,ENSG00000179627,0.475814751286449
VEZF1,ZBTB1,-0.142088546924693,0.60040123060179,ENSG00000136451,ENSG00000126804,0.793558223746903
VEZF1,HIC2,0.160676219625356,0.767885389091181,ENSG00000136451,ENSG00000169635,0.318010291595197
VEZF1,SNAI1,0.166941288739487,0.739617125323147,ENSG00000136451,ENSG00000124216,0.669601677148847
VEZF1,ZNF148,0.0566296132060736,0.869042655930255,ENSG00000136451,ENSG00000163848,0.801029159519725
VEZF1,ZBTB45,0.221639332340461,0.564750518984043,ENSG00000136451,ENSG00000119574,0.655955784257671
VEZF1,ZNF281,-0.0232048711276941,0.959508127505765,ENSG00000136451,ENSG00000162702,0.348656375071469
VEZF1,ZNF451,0.0675713867897424,0.896654027953693,ENSG00000136451,ENSG00000112200,0.677301315037164
VEZF1,HIC1,-0.268403387622628,0.778324732098911,ENSG00000136451,ENSG00000177374,0.798132266056794
VEZF1,ZNF276,0.103738652261669,0.765896565667554,ENSG00000136451,ENSG00000158805,0.538326662854965
VEZF1,SCRT1,0.869224173734181,NA,ENSG00000136451,ENSG00000261678,-0.196493234229083
VEZF1,ZBTB16,-0.240351547404606,NA,ENSG00000136451,ENSG00000109906,0.779836096817229
VEZF1,ZNF575,-0.247661847056752,0.855231975617269,ENSG00000136451,ENSG00000176472,0.277301315037164
VEZF1,ZBTB32,0.337090040607595,NA,ENSG00000136451,ENSG00000011590,0.474976176862969
VEZF1,ZNF653,0.14577643853888,0.849891775239571,ENSG00000136451,ENSG00000161914,0.37556699066133
VEZF1,PRDM1,1.01643078028075,NA,ENSG00000136451,ENSG00000057657,0.452792071659996
VEZF1,ZNF143,-0.142821629284019,0.769777072396188,ENSG00000136451,ENSG00000166478,0.778311416047265
VEZF1,ZBTB18,-0.0033476224014952,0.99321120841968,ENSG00000136451,ENSG00000179456,-0.266171145416428
VEZF1,PRDM6,-0.654984207393531,NA,ENSG00000136451,ENSG00000061455,0.7515532685344
VEZF1,ZNF362,-0.437696739537642,0.261374578941952,ENSG00000136451,ENSG00000160094,0.710234419668382
VEZF1,ZNF692,0.0462026666223257,0.896654027953693,ENSG00000136451,ENSG00000171163,0.600457404230989
VEZF1,MTF1,0.13537770471125,0.679240035680324,ENSG00000136451,ENSG00000188786,0.540232513817419
VEZF1,SNAI3,0.0078829736023692,NA,ENSG00000136451,ENSG00000185669,-0.208614446350295
VEZF1,SNAI2,-0.372843901268162,0.135058578027933,ENSG00000136451,ENSG00000019549,0.728683056984944
VEZF1,ZNF296,0.37393316122399,NA,ENSG00000136451,ENSG00000170684,-0.15075281113017
ZEB2,ZEB1,0.920387969464682,0.0040789207304154,ENSG00000169554,ENSG00000148516,0.461330283971793
POLK,TENT4B,-0.0301889702852112,0.821633400603756,ENSG00000122008,ENSG00000121274,0.88717362302268
POLK,ESCO1,0.285777057670332,0.0025678814157244,ENSG00000122008,ENSG00000141446,0.898989898989899
POLK,POLH,-0.0128429682595294,0.947768284998246,ENSG00000122008,ENSG00000170734,0.856680007623404
POLK,ESCO2,0.219135746664953,0.125478946853738,ENSG00000122008,ENSG00000171320,0.408881265485039
POLK,REV1,-0.517317579336822,7.17476931432216e-11,ENSG00000122008,ENSG00000135945,0.78441013912712
POLK,POLI,0.135212601188157,0.472658413793721,ENSG00000122008,ENSG00000101751,0.887859729369163
ASH1L,EZH2,-0.461050912411124,0.0096228788390207,ENSG00000116539,ENSG00000106462,0.453325709929483
ASH1L,SUV39H2,0.0605406733810948,0.95199519076119,ENSG00000116539,ENSG00000152455,0.74568324757004
ASH1L,KMT2C,-0.0721922274529389,0.817126656679497,ENSG00000116539,ENSG00000055609,0.898151324566419
ASH1L,NSD2,0.223400059239641,0.754192132654348,ENSG00000116539,ENSG00000109685,0.665866209262436
ASH1L,EHMT2,0.0629654254774764,0.93687077341443,ENSG00000116539,ENSG00000204371,0.554564513055079
ASH1L,SETBP1,-0.820093890757202,0.0164988500170237,ENSG00000116539,ENSG00000152217,0.828930817610063
ASH1L,NSD1,0.263761790179471,0.617526848285287,ENSG00000116539,ENSG00000165671,0.840594625500286
ASH1L,EZH1,0.632118158197269,0.0048313888486738,ENSG00000116539,ENSG00000108799,0.855231560891938
ASH1L,SETDB1,0.0169219006205779,0.985602360961796,ENSG00000116539,ENSG00000143379,0.805755669906613
ASH1L,KMT2D,0.29819577384993,0.366320683237474,ENSG00000116539,ENSG00000167548,0.828168477225081
ASH1L,SETD1A,0.128904513759426,0.830346407278345,ENSG00000116539,ENSG00000099381,0.877110729940919
ASH1L,SETD1B,-0.169581046659342,0.593534120584317,ENSG00000116539,ENSG00000139718,0.835334476843911
ASH1L,NSD3,0.115691310260456,0.819675920927481,ENSG00000116539,ENSG00000147548,0.903335239184296
ASH1L,KMT2A,-0.135112798195934,0.885325595109195,ENSG00000116539,ENSG00000118058,0.943053173241852
ASH1L,KMT2B,0.321757465873793,0.342378934320773,ENSG00000116539,ENSG00000272333,0.796760053363827
ASH1L,SETD2,0.20656501485508,0.641391921134923,ENSG00000116539,ENSG00000181555,0.904554983800267
ASH1L,SETDB2,0.170919081482988,0.818508422490867,ENSG00000116539,ENSG00000136169,0.716790546979226
ASH1L,EHMT1,0.503566537306228,0.0144251164483237,ENSG00000116539,ENSG00000181090,0.792338479130932
ASH1L,SUV39H1,-0.0229813850517655,0.981196411454326,ENSG00000116539,ENSG00000101945,0.657175528873642
